Date,Temp,EC,Turbidity,AlignDate
2055-03-18 04:57:00,85.0,0.0,1820.75,2023-03-15 15:36:00
2055-03-18 05:03:00,85.0,0.0,1815.5,2023-03-15 15:42:00
2055-03-18 05:06:00,85.0,0.0,1811.75,2023-03-15 15:45:00
2055-03-18 05:26:00,85.0,0.0,1817.5,2023-03-15 16:05:00
2055-03-18 05:47:00,85.0,0.0,1815.5,2023-03-15 16:26:00
2055-03-18 06:07:00,85.0,0.0,1811.0,2023-03-15 16:46:00
2055-03-18 06:28:00,85.0,0.0,1814.5,2023-03-15 17:07:00
2055-03-18 06:48:00,85.0,0.0,1809.0,2023-03-15 17:27:00
2055-03-18 07:09:00,85.0,0.0,1806.75,2023-03-15 17:48:00
2055-03-18 07:29:00,85.0,0.0,1802.25,2023-03-15 18:08:00
2055-03-18 07:50:00,85.0,0.0,1800.0,2023-03-15 18:29:00
2055-03-18 08:11:00,85.0,0.0,1798.0,2023-03-15 18:50:00
2055-03-18 08:31:00,85.0,0.0,1796.75,2023-03-15 19:10:00
2055-03-18 08:52:00,85.0,0.0,1794.0,2023-03-15 19:31:00
2055-03-18 09:12:00,85.0,0.0,1794.25,2023-03-15 19:51:00
2055-03-18 09:33:00,85.0,0.0,1794.0,2023-03-15 20:12:00
2055-03-18 09:53:00,85.0,0.0,1792.5,2023-03-15 20:32:00
2055-03-18 10:14:00,85.0,0.0,1789.75,2023-03-15 20:53:00
2055-03-18 10:34:00,85.0,0.0,1788.5,2023-03-15 21:13:00
2055-03-18 10:55:00,85.0,0.0,1787.25,2023-03-15 21:34:00
2055-03-18 11:15:00,85.0,0.0,1785.25,2023-03-15 21:54:00
2055-03-18 11:36:00,85.0,0.0,1783.0,2023-03-15 22:15:00
2055-03-18 11:56:00,85.0,0.0,1781.0,2023-03-15 22:35:00
2055-03-18 12:17:00,85.0,0.0,1779.0,2023-03-15 22:56:00
2055-03-18 12:37:00,85.0,0.0,1777.0,2023-03-15 23:16:00
2055-03-18 12:58:00,85.0,0.0,1775.75,2023-03-15 23:37:00
2055-03-18 13:18:00,85.0,0.0,1774.25,2023-03-15 23:57:00
2055-03-18 13:39:00,85.0,0.0,1770.25,2023-03-16 00:18:00
2055-03-18 13:59:00,85.0,0.0,1769.25,2023-03-16 00:38:00
2055-03-18 14:20:00,85.0,0.0,1766.25,2023-03-16 00:59:00
2055-03-18 14:40:00,85.0,0.0,1766.25,2023-03-16 01:19:00
2055-03-18 15:01:00,85.0,0.0,1765.5,2023-03-16 01:40:00
2055-03-18 15:21:00,85.0,0.0,1763.25,2023-03-16 02:00:00
2055-03-18 15:42:00,85.0,0.0,1761.75,2023-03-16 02:21:00
2055-03-18 16:02:00,85.0,0.0,1760.25,2023-03-16 02:41:00
2055-03-18 16:23:00,85.0,0.0,1760.75,2023-03-16 03:02:00
2055-03-18 16:43:00,85.0,0.0,1758.5,2023-03-16 03:22:00
2055-03-18 17:04:00,-1000.0,0.0,1758.25,2023-03-16 03:43:00
2055-03-18 17:24:00,85.0,0.0,1759.5,2023-03-16 04:03:00
2055-03-18 17:45:00,85.0,0.0,1758.0,2023-03-16 04:24:00
2055-03-18 18:05:00,85.0,0.0,1757.5,2023-03-16 04:44:00
2055-03-18 18:26:00,85.0,0.0,1756.25,2023-03-16 05:05:00
2055-03-18 18:46:00,85.0,0.0,1754.75,2023-03-16 05:25:00
2055-03-18 19:07:00,85.0,0.0,1756.0,2023-03-16 05:46:00
2055-03-18 19:27:00,85.0,0.0,1755.0,2023-03-16 06:06:00
2055-03-18 19:48:00,85.0,0.0,1755.0,2023-03-16 06:27:00
2055-03-18 20:08:00,-1000.0,0.0,1757.5,2023-03-16 06:47:00
2055-03-18 20:29:00,85.0,0.0,1756.75,2023-03-16 07:08:00
2055-03-18 20:49:00,85.0,0.0,1757.75,2023-03-16 07:28:00
2055-03-18 21:10:00,85.0,0.0,1756.75,2023-03-16 07:49:00
2055-03-18 21:30:00,85.0,0.0,1758.0,2023-03-16 08:09:00
2055-03-18 21:51:00,85.0,0.0,1757.75,2023-03-16 08:30:00
2055-03-18 22:11:00,85.0,0.0,1756.75,2023-03-16 08:50:00
2055-03-18 22:32:00,85.0,0.0,1759.0,2023-03-16 09:11:00
2055-03-18 22:52:00,85.0,0.0,1759.75,2023-03-16 09:31:00
2055-03-18 23:13:00,-1000.0,0.0,1763.5,2023-03-16 09:52:00
2055-03-18 23:33:00,85.0,0.0,1763.0,2023-03-16 10:12:00
2055-03-18 23:54:00,85.0,0.0,1766.0,2023-03-16 10:33:00
2055-03-19 00:14:00,85.0,0.0,1770.25,2023-03-16 10:53:00
2055-03-19 00:35:00,85.0,0.0,1776.75,2023-03-16 11:14:00
2055-03-19 00:56:00,85.0,0.0,1780.0,2023-03-16 11:35:00
2055-03-19 01:16:00,85.0,0.0,1782.75,2023-03-16 11:55:00
2055-03-19 01:37:00,85.0,0.0,1786.5,2023-03-16 12:16:00
2055-03-19 01:57:00,85.0,0.0,1787.75,2023-03-16 12:36:00
2055-03-19 02:18:00,85.0,0.0,1791.5,2023-03-16 12:57:00
2055-03-19 02:38:00,85.0,0.0,1795.0,2023-03-16 13:17:00
2055-03-19 02:59:00,85.0,0.0,1795.5,2023-03-16 13:38:00
2055-03-19 03:20:00,85.0,0.0,1799.25,2023-03-16 13:59:00
2055-03-19 03:40:00,85.0,0.0,1803.25,2023-03-16 14:19:00
2055-03-19 04:01:00,85.0,0.0,1803.5,2023-03-16 14:40:00
2055-03-19 04:21:00,-1000.0,0.0,1805.0,2023-03-16 15:00:00
2055-03-19 04:42:00,85.0,0.0,1806.0,2023-03-16 15:21:00
2055-03-19 05:02:00,85.0,0.0,1807.0,2023-03-16 15:41:00
2055-03-19 05:23:00,85.0,0.0,1804.0,2023-03-16 16:02:00
2055-03-19 05:44:00,85.0,0.0,1804.25,2023-03-16 16:23:00
2055-03-19 06:04:00,85.0,0.0,1803.75,2023-03-16 16:43:00
2055-03-19 06:25:00,85.0,0.0,1802.5,2023-03-16 17:04:00
2055-03-19 06:45:00,85.0,0.0,1802.75,2023-03-16 17:24:00
2055-03-19 07:06:00,85.0,0.0,1800.75,2023-03-16 17:45:00
2055-03-19 07:26:00,85.0,0.0,1800.25,2023-03-16 18:05:00
2055-03-19 07:47:00,85.0,0.0,1800.75,2023-03-16 18:26:00
2055-03-19 08:07:00,85.0,0.0,1799.5,2023-03-16 18:46:00
2055-03-19 08:28:00,85.0,0.0,1798.75,2023-03-16 19:07:00
2055-03-19 08:48:00,85.0,0.0,1798.75,2023-03-16 19:27:00
2055-03-19 09:09:00,85.0,0.0,1799.0,2023-03-16 19:48:00
2055-03-19 09:30:00,-1000.0,0.0,1797.0,2023-03-16 20:09:00
2055-03-19 09:50:00,85.0,0.0,1796.0,2023-03-16 20:29:00
2055-03-19 10:11:00,85.0,0.0,1795.0,2023-03-16 20:50:00
2055-03-19 10:31:00,85.0,0.0,1797.0,2023-03-16 21:10:00
2055-03-19 10:52:00,85.0,0.0,1798.25,2023-03-16 21:31:00
2055-03-19 11:12:00,85.0,0.0,1799.25,2023-03-16 21:51:00
2055-03-19 11:33:00,85.0,0.0,1797.5,2023-03-16 22:12:00
2055-03-19 11:53:00,85.0,0.0,1795.25,2023-03-16 22:32:00
2055-03-19 12:14:00,85.0,0.0,1796.25,2023-03-16 22:53:00
2055-03-19 12:34:00,-1000.0,0.0,1793.75,2023-03-16 23:13:00
2055-03-19 12:55:00,85.0,0.0,1791.0,2023-03-16 23:34:00
2055-03-19 13:15:00,85.0,0.0,1792.0,2023-03-16 23:54:00
2055-03-19 13:36:00,85.0,0.0,1792.75,2023-03-17 00:15:00
2055-03-19 13:56:00,85.0,0.0,1791.5,2023-03-17 00:35:00
2055-03-19 14:17:00,85.0,0.0,1790.5,2023-03-17 00:56:00
2055-03-19 14:37:00,85.0,0.0,1791.0,2023-03-17 01:16:00
2055-03-19 14:58:00,85.0,0.0,1789.25,2023-03-17 01:37:00
2055-03-19 15:18:00,85.0,0.0,1789.0,2023-03-17 01:57:00
2055-03-19 15:39:00,85.0,0.0,1789.5,2023-03-17 02:18:00
2055-03-19 15:59:00,85.0,0.0,1787.5,2023-03-17 02:38:00
2055-03-19 16:20:00,85.0,0.0,1786.75,2023-03-17 02:59:00
2055-03-19 16:40:00,85.0,0.0,1788.0,2023-03-17 03:19:00
2055-03-19 17:01:00,85.0,0.0,1786.25,2023-03-17 03:40:00
2055-03-19 17:21:00,85.0,0.0,1784.5,2023-03-17 04:00:00
2055-03-19 17:42:00,85.0,0.0,1784.5,2023-03-17 04:21:00
2055-03-19 18:03:00,85.0,0.0,1785.0,2023-03-17 04:42:00
2055-03-19 18:23:00,85.0,0.0,1782.25,2023-03-17 05:02:00
2055-03-19 18:44:00,85.0,0.0,1782.5,2023-03-17 05:23:00
2055-03-19 19:04:00,85.0,0.0,1779.25,2023-03-17 05:43:00
2055-03-19 19:25:00,85.0,0.0,1778.5,2023-03-17 06:04:00
2055-03-19 19:45:00,85.0,0.0,1776.75,2023-03-17 06:24:00
2055-03-19 20:06:00,85.0,0.0,1774.5,2023-03-17 06:45:00
2055-03-19 20:26:00,85.0,0.0,1779.0,2023-03-17 07:05:00
2055-03-19 20:47:00,85.0,0.0,1780.5,2023-03-17 07:26:00
2055-03-19 21:07:00,-1000.0,0.0,1780.0,2023-03-17 07:46:00
2055-03-19 21:28:00,85.0,0.0,1780.75,2023-03-17 08:07:00
2055-03-19 21:48:00,85.0,0.0,1780.25,2023-03-17 08:27:00
2055-03-19 22:09:00,85.0,0.0,1780.5,2023-03-17 08:48:00
2055-03-19 22:29:00,85.0,0.0,1784.0,2023-03-17 09:08:00
2055-03-19 22:50:00,85.0,0.0,1783.75,2023-03-17 09:29:00
2055-03-19 23:10:00,-1000.0,0.0,1786.5,2023-03-17 09:49:00
2055-03-19 23:31:00,85.0,0.0,1786.0,2023-03-17 10:10:00
2055-03-19 23:51:00,85.0,0.0,1789.5,2023-03-17 10:30:00
2055-03-20 00:12:00,85.0,0.0,1791.0,2023-03-17 10:51:00
2055-03-20 00:33:00,85.0,0.0,1792.5,2023-03-17 11:12:00
2055-03-20 00:53:00,85.0,0.0,1795.25,2023-03-17 11:32:00
2055-03-20 01:14:00,85.0,0.0,1797.75,2023-03-17 11:53:00
2055-03-20 01:34:00,-1000.0,0.0,1801.25,2023-03-17 12:13:00
2055-03-20 01:55:00,85.0,0.0,1804.5,2023-03-17 12:34:00
2055-03-20 02:15:00,-1000.0,0.0,1805.5,2023-03-17 12:54:00
2055-03-20 02:36:00,85.0,0.0,1807.0,2023-03-17 13:15:00
2055-03-20 02:57:00,85.0,0.0,1808.75,2023-03-17 13:36:00
2055-03-20 03:17:00,85.0,0.0,1811.5,2023-03-17 13:56:00
2055-03-20 03:38:00,85.0,0.0,1812.25,2023-03-17 14:17:00
2055-03-20 03:58:00,85.0,0.0,1815.0,2023-03-17 14:37:00
2055-03-20 04:19:00,85.0,0.0,1815.0,2023-03-17 14:58:00
2055-03-20 04:40:00,85.0,0.0,1817.25,2023-03-17 15:19:00
2055-03-20 05:00:00,-1000.0,0.0,1818.25,2023-03-17 15:39:00
2055-03-20 05:21:00,85.0,0.0,1819.0,2023-03-17 16:00:00
2055-03-20 05:41:00,85.0,0.0,1821.0,2023-03-17 16:20:00
2055-03-20 06:02:00,85.0,0.0,1822.25,2023-03-17 16:41:00
2055-03-20 06:22:00,85.0,0.0,1820.25,2023-03-17 17:01:00
2055-03-20 06:43:00,85.0,0.0,1820.25,2023-03-17 17:22:00
2055-03-20 07:03:00,85.0,0.0,1819.5,2023-03-17 17:42:00
2055-03-20 07:24:00,85.0,0.0,1817.75,2023-03-17 18:03:00
2055-03-20 07:45:00,85.0,0.0,1812.5,2023-03-17 18:24:00
2055-03-20 08:05:00,85.0,0.0,1811.25,2023-03-17 18:44:00
2055-03-20 08:26:00,85.0,0.0,1809.25,2023-03-17 19:05:00
2055-03-20 08:46:00,85.0,0.0,1808.0,2023-03-17 19:25:00
2055-03-20 09:07:00,85.0,0.0,1806.25,2023-03-17 19:46:00
2055-03-20 09:27:00,85.0,0.0,1805.0,2023-03-17 20:06:00
2055-03-20 09:48:00,85.0,0.0,1805.5,2023-03-17 20:27:00
2055-03-20 10:08:00,85.0,0.0,1803.5,2023-03-17 20:47:00
2055-03-20 10:29:00,85.0,0.0,1803.5,2023-03-17 21:08:00
2055-03-20 10:49:00,85.0,0.0,1801.5,2023-03-17 21:28:00
2055-03-20 11:10:00,85.0,0.0,1799.75,2023-03-17 21:49:00
2055-03-20 11:30:00,85.0,0.0,1798.5,2023-03-17 22:09:00
2055-03-20 11:51:00,85.0,0.0,1797.0,2023-03-17 22:30:00
2055-03-20 12:11:00,85.0,0.0,1797.25,2023-03-17 22:50:00
2055-03-20 12:32:00,85.0,0.0,1797.0,2023-03-17 23:11:00
2055-03-20 12:52:00,85.0,0.0,1793.25,2023-03-17 23:31:00
2055-03-20 13:13:00,85.0,0.0,1794.75,2023-03-17 23:52:00
2055-03-20 13:33:00,85.0,0.0,1792.75,2023-03-18 00:12:00
2055-03-20 13:54:00,85.0,0.0,1792.25,2023-03-18 00:33:00
2055-03-20 14:14:00,85.0,0.0,1790.0,2023-03-18 00:53:00
2055-03-20 14:35:00,85.0,0.0,1790.0,2023-03-18 01:14:00
2055-03-20 14:55:00,85.0,0.0,1787.75,2023-03-18 01:34:00
2055-03-20 15:16:00,85.0,0.0,1787.25,2023-03-18 01:55:00
2055-03-20 15:36:00,85.0,0.0,1786.75,2023-03-18 02:15:00
2055-03-20 15:57:00,85.0,0.0,1788.0,2023-03-18 02:36:00
2055-03-20 16:17:00,85.0,0.0,1787.0,2023-03-18 02:56:00
2055-03-20 16:38:00,85.0,0.0,1787.0,2023-03-18 03:17:00
2055-03-20 16:58:00,85.0,0.0,1784.75,2023-03-18 03:37:00
2055-03-20 17:19:00,85.0,0.0,1784.75,2023-03-18 03:58:00
2055-03-20 17:39:00,85.0,0.0,1786.5,2023-03-18 04:18:00
2055-03-20 18:00:00,85.0,0.0,1787.5,2023-03-18 04:39:00
2055-03-20 18:20:00,85.0,0.0,1786.5,2023-03-18 04:59:00
2055-03-20 18:41:00,85.0,0.0,1786.75,2023-03-18 05:20:00
2055-03-20 19:01:00,85.0,0.0,1786.75,2023-03-18 05:40:00
2055-03-20 19:22:00,85.0,0.0,1787.0,2023-03-18 06:01:00
2055-03-20 19:42:00,85.0,0.0,1787.25,2023-03-18 06:21:00
2055-03-20 20:03:00,85.0,0.0,1787.5,2023-03-18 06:42:00
2055-03-20 20:23:00,85.0,0.0,1785.75,2023-03-18 07:02:00
2055-03-20 20:44:00,85.0,0.0,1786.25,2023-03-18 07:23:00
2055-03-20 21:04:00,85.0,0.0,1787.0,2023-03-18 07:43:00
2055-03-20 21:25:00,85.0,0.0,1787.0,2023-03-18 08:04:00
2055-03-20 21:46:00,85.0,0.0,1787.5,2023-03-18 08:25:00
2055-03-20 22:06:00,85.0,0.0,1788.5,2023-03-18 08:45:00
2055-03-20 22:27:00,85.0,0.0,1790.25,2023-03-18 09:06:00
2055-03-20 22:47:00,85.0,0.0,1791.75,2023-03-18 09:26:00
2055-03-20 23:08:00,85.0,0.0,1791.5,2023-03-18 09:47:00
2055-03-20 23:28:00,85.0,0.0,1793.75,2023-03-18 10:07:00
2055-03-20 23:49:00,85.0,0.0,1796.0,2023-03-18 10:28:00
2055-03-21 00:09:00,85.0,0.0,1796.0,2023-03-18 10:48:00
2055-03-21 00:30:00,85.0,0.0,1798.0,2023-03-18 11:09:00
2055-03-21 00:51:00,85.0,0.0,1802.0,2023-03-18 11:30:00
2055-03-21 01:11:00,85.0,0.0,1803.75,2023-03-18 11:50:00
2055-03-21 01:32:00,85.0,0.0,1807.0,2023-03-18 12:11:00
2055-03-21 01:52:00,85.0,0.0,1811.0,2023-03-18 12:31:00
2055-03-21 02:13:00,85.0,0.0,1812.0,2023-03-18 12:52:00
2055-03-21 02:33:00,85.0,0.0,1817.5,2023-03-18 13:12:00
2055-03-21 02:54:00,85.0,0.0,1820.25,2023-03-18 13:33:00
2055-03-21 03:15:00,85.0,0.0,1822.5,2023-03-18 13:54:00
2055-03-21 03:35:00,85.0,0.0,1826.25,2023-03-18 14:14:00
2055-03-21 03:56:00,85.0,0.0,1826.5,2023-03-18 14:35:00
2055-03-21 04:16:00,85.0,0.0,1828.25,2023-03-18 14:55:00
2055-03-21 04:37:00,85.0,0.0,1828.5,2023-03-18 15:16:00
2055-03-21 04:57:00,85.0,0.0,1828.0,2023-03-18 15:36:00
2055-03-21 05:18:00,85.0,0.0,1828.25,2023-03-18 15:57:00
2055-03-21 05:38:00,85.0,0.0,1827.25,2023-03-18 16:17:00
2055-03-21 05:59:00,85.0,0.0,1827.0,2023-03-18 16:38:00
2055-03-21 06:20:00,85.0,0.0,1824.75,2023-03-18 16:59:00
2055-03-21 06:40:00,-1000.0,0.0,1823.75,2023-03-18 17:19:00
2055-03-21 07:01:00,-1000.0,0.0,1821.5,2023-03-18 17:40:00
2055-03-21 07:21:00,85.0,0.0,1819.25,2023-03-18 18:00:00
2055-03-21 07:42:00,85.0,0.0,1817.5,2023-03-18 18:21:00
2055-03-21 08:02:00,85.0,0.0,1815.25,2023-03-18 18:41:00
2055-03-21 08:23:00,85.0,0.0,1813.75,2023-03-18 19:02:00
2055-03-21 08:43:00,85.0,0.0,1814.0,2023-03-18 19:22:00
2055-03-21 09:04:00,85.0,0.0,1811.75,2023-03-18 19:43:00
2055-03-21 09:24:00,85.0,0.0,1810.25,2023-03-18 20:03:00
2055-03-21 09:45:00,85.0,0.0,1808.25,2023-03-18 20:24:00
2055-03-21 10:05:00,85.0,0.0,1806.5,2023-03-18 20:44:00
2055-03-21 10:26:00,85.0,0.0,1804.75,2023-03-18 21:05:00
2055-03-21 10:46:00,85.0,0.0,1805.25,2023-03-18 21:25:00
2055-03-21 11:07:00,85.0,0.0,1803.0,2023-03-18 21:46:00
2055-03-21 11:27:00,85.0,0.0,1801.25,2023-03-18 22:06:00
2055-03-21 11:48:00,85.0,0.0,1801.25,2023-03-18 22:27:00
2055-03-21 12:08:00,85.0,0.0,1799.75,2023-03-18 22:47:00
2055-03-21 12:29:00,85.0,0.0,1798.0,2023-03-18 23:08:00
2055-03-21 12:49:00,85.0,0.0,1799.5,2023-03-18 23:28:00
2055-03-21 13:10:00,85.0,0.0,1797.5,2023-03-18 23:49:00
2055-03-21 13:30:00,-1000.0,0.0,1797.5,2023-03-19 00:09:00
2055-03-21 13:51:00,85.0,0.0,1796.0,2023-03-19 00:30:00
2055-03-21 14:11:00,85.0,0.0,1794.75,2023-03-19 00:50:00
2055-03-21 14:32:00,85.0,0.0,1794.25,2023-03-19 01:11:00
2055-03-21 14:52:00,85.0,0.0,1792.5,2023-03-19 01:31:00
2055-03-21 15:13:00,85.0,0.0,1791.75,2023-03-19 01:52:00
2055-03-21 15:33:00,85.0,0.0,1791.0,2023-03-19 02:12:00
2055-03-21 15:54:00,85.0,0.0,1789.5,2023-03-19 02:33:00
2055-03-21 16:14:00,85.0,0.0,1790.0,2023-03-19 02:53:00
2055-03-21 16:35:00,85.0,0.0,1788.25,2023-03-19 03:14:00
2055-03-21 16:55:00,-1000.0,0.0,1786.75,2023-03-19 03:34:00
2055-03-21 17:16:00,85.0,0.0,1786.25,2023-03-19 03:55:00
2055-03-21 17:36:00,85.0,0.0,1784.75,2023-03-19 04:15:00
2055-03-21 17:57:00,85.0,0.0,1785.5,2023-03-19 04:36:00
2055-03-21 18:17:00,85.0,0.0,1784.0,2023-03-19 04:56:00
2055-03-21 18:38:00,85.0,0.0,1784.0,2023-03-19 05:17:00
2055-03-21 18:58:00,85.0,0.0,1782.75,2023-03-19 05:37:00
2055-03-21 19:19:00,85.0,0.0,1782.5,2023-03-19 05:58:00
2055-03-21 19:39:00,85.0,0.0,1782.5,2023-03-19 06:18:00
2055-03-21 20:00:00,85.0,0.0,1782.0,2023-03-19 06:39:00
2055-03-21 20:20:00,85.0,0.0,1780.25,2023-03-19 06:59:00
2055-03-21 20:41:00,85.0,0.0,1779.75,2023-03-19 07:20:00
2055-03-21 21:01:00,85.0,0.0,1779.25,2023-03-19 07:40:00
2055-03-21 21:22:00,85.0,0.0,1780.25,2023-03-19 08:01:00
2055-03-21 21:42:00,85.0,0.0,1781.0,2023-03-19 08:21:00
2055-03-21 22:03:00,85.0,0.0,1782.0,2023-03-19 08:42:00
2055-03-21 22:23:00,85.0,0.0,1783.25,2023-03-19 09:02:00
2055-03-21 22:44:00,-1000.0,0.0,1784.0,2023-03-19 09:23:00
2055-03-21 23:05:00,85.0,0.0,1785.25,2023-03-19 09:44:00
2055-03-21 23:25:00,85.0,0.0,1785.75,2023-03-19 10:04:00
2055-03-21 23:46:00,85.0,0.0,1788.25,2023-03-19 10:25:00
2055-03-22 00:06:00,85.0,0.0,1790.25,2023-03-19 10:45:00
2055-03-22 00:27:00,85.0,0.0,1793.5,2023-03-19 11:06:00
2055-03-22 00:47:00,85.0,0.0,1796.75,2023-03-19 11:26:00
2055-03-22 01:08:00,85.0,0.0,1796.75,2023-03-19 11:47:00
2055-03-22 01:28:00,-1000.0,0.0,1799.25,2023-03-19 12:07:00
2055-03-22 01:49:00,85.0,0.0,1801.0,2023-03-19 12:28:00
2055-03-22 02:10:00,85.0,0.0,1802.75,2023-03-19 12:49:00
2055-03-22 02:30:00,-1000.0,0.0,1803.25,2023-03-19 13:09:00
2055-03-22 02:51:00,85.0,0.0,1803.0,2023-03-19 13:30:00
2055-03-22 03:11:00,85.0,0.0,1806.0,2023-03-19 13:50:00
2055-03-22 03:32:00,85.0,0.0,1806.75,2023-03-19 14:11:00
2055-03-22 03:52:00,85.0,0.0,1808.0,2023-03-19 14:31:00
2055-03-22 04:13:00,85.0,0.0,1809.25,2023-03-19 14:52:00
2055-03-22 04:33:00,85.0,0.0,1809.0,2023-03-19 15:12:00
2055-03-22 04:54:00,85.0,0.0,1806.75,2023-03-19 15:33:00
2055-03-22 05:15:00,85.0,0.0,1808.25,2023-03-19 15:54:00
2055-03-22 05:35:00,85.0,0.0,1807.5,2023-03-19 16:14:00
2055-03-22 05:56:00,85.0,0.0,1806.75,2023-03-19 16:35:00
2055-03-22 06:16:00,85.0,0.0,1807.0,2023-03-19 16:55:00
2055-03-22 06:37:00,85.0,0.0,1807.0,2023-03-19 17:16:00
2055-03-22 06:57:00,85.0,0.0,1806.5,2023-03-19 17:36:00
2055-03-22 07:18:00,85.0,0.0,1805.75,2023-03-19 17:57:00
2055-03-22 07:38:00,85.0,0.0,1802.75,2023-03-19 18:17:00
2055-03-22 07:59:00,85.0,0.0,1802.5,2023-03-19 18:38:00
2055-03-22 08:19:00,85.0,0.0,1801.5,2023-03-19 18:58:00
2055-03-22 08:40:00,85.0,0.0,1802.75,2023-03-19 19:19:00
2055-03-22 09:00:00,85.0,0.0,1799.5,2023-03-19 19:39:00
2055-03-22 09:21:00,85.0,0.0,1798.75,2023-03-19 20:00:00
2055-03-22 09:41:00,-1000.0,0.0,1798.75,2023-03-19 20:20:00
2055-03-22 10:02:00,85.0,0.0,1796.5,2023-03-19 20:41:00
2055-03-22 10:22:00,85.0,0.0,1795.25,2023-03-19 21:01:00
2055-03-22 10:43:00,85.0,0.0,1795.0,2023-03-19 21:22:00
2055-03-22 11:04:00,85.0,0.0,1794.25,2023-03-19 21:43:00
2055-03-22 11:24:00,85.0,0.0,1794.25,2023-03-19 22:03:00
2055-03-22 11:45:00,85.0,0.0,1792.0,2023-03-19 22:24:00
2055-03-22 12:05:00,85.0,0.0,1792.5,2023-03-19 22:44:00
2055-03-22 12:26:00,85.0,0.0,1791.5,2023-03-19 23:05:00
2055-03-22 12:46:00,85.0,0.0,1791.0,2023-03-19 23:25:00
2055-03-22 13:07:00,85.0,0.0,1789.25,2023-03-19 23:46:00
2055-03-22 13:27:00,85.0,0.0,1791.25,2023-03-20 00:06:00
2055-03-22 13:48:00,85.0,0.0,1788.0,2023-03-20 00:27:00
2055-03-22 14:08:00,85.0,0.0,1788.0,2023-03-20 00:47:00
2055-03-22 14:29:00,85.0,0.0,1787.5,2023-03-20 01:08:00
2055-03-22 14:49:00,85.0,0.0,1787.25,2023-03-20 01:28:00
2055-03-22 15:10:00,85.0,0.0,1786.0,2023-03-20 01:49:00
2055-03-22 15:30:00,85.0,0.0,1787.25,2023-03-20 02:09:00
2055-03-22 15:51:00,-1000.0,0.0,1785.0,2023-03-20 02:30:00
2055-03-22 16:11:00,85.0,0.0,1785.0,2023-03-20 02:50:00
2055-03-22 16:32:00,85.0,0.0,1784.25,2023-03-20 03:11:00
2055-03-22 16:52:00,-1000.0,0.0,1785.25,2023-03-20 03:31:00
2055-03-22 17:13:00,85.0,0.0,1785.5,2023-03-20 03:52:00
2055-03-22 17:33:00,-1000.0,0.0,1784.5,2023-03-20 04:12:00
2055-03-22 17:54:00,85.0,0.0,1785.0,2023-03-20 04:33:00
2055-03-22 18:14:00,85.0,0.0,1784.5,2023-03-20 04:53:00
2055-03-22 18:35:00,85.0,0.0,1782.0,2023-03-20 05:14:00
2055-03-22 18:55:00,85.0,0.0,1781.25,2023-03-20 05:34:00
2055-03-22 19:16:00,85.0,0.0,1781.25,2023-03-20 05:55:00
2055-03-22 19:36:00,85.0,0.0,1780.25,2023-03-20 06:15:00
2055-03-22 19:57:00,85.0,0.0,1779.25,2023-03-20 06:36:00
2055-03-22 20:17:00,85.0,0.0,1778.0,2023-03-20 06:56:00
2055-03-22 20:38:00,85.0,0.0,1778.25,2023-03-20 07:17:00
2055-03-22 20:58:00,85.0,0.0,1777.25,2023-03-20 07:37:00
2055-03-22 21:19:00,85.0,0.0,1777.75,2023-03-20 07:58:00
2055-03-22 21:40:00,85.0,0.0,1778.0,2023-03-20 08:19:00
2055-03-22 22:00:00,85.0,0.0,1778.75,2023-03-20 08:39:00
2055-03-22 22:21:00,85.0,0.0,1779.0,2023-03-20 09:00:00
2055-03-22 22:41:00,85.0,0.0,1776.5,2023-03-20 09:20:00
2055-03-22 23:02:00,85.0,0.0,1778.75,2023-03-20 09:41:00
2055-03-22 23:22:00,-1000.0,0.0,1779.0,2023-03-20 10:01:00
2055-03-22 23:43:00,85.0,0.0,1783.0,2023-03-20 10:22:00
2055-03-23 00:03:00,85.0,0.0,1785.25,2023-03-20 10:42:00
2055-03-23 00:24:00,85.0,0.0,1786.0,2023-03-20 11:03:00
2055-03-23 00:45:00,85.0,0.0,1791.0,2023-03-20 11:24:00
2055-03-23 01:05:00,85.0,0.0,1792.75,2023-03-20 11:44:00
2055-03-23 01:26:00,85.0,0.0,1796.75,2023-03-20 12:05:00
2055-03-23 01:46:00,85.0,0.0,1796.75,2023-03-20 12:25:00
2055-03-23 02:07:00,85.0,0.0,1787.75,2023-03-20 12:46:00
2055-03-23 02:28:00,85.0,0.0,1789.5,2023-03-20 13:07:00
2055-03-23 02:48:00,85.0,0.0,1791.5,2023-03-20 13:27:00
2055-03-23 03:09:00,85.0,0.0,1794.0,2023-03-20 13:48:00
2055-03-23 03:29:00,85.0,0.0,1796.25,2023-03-20 14:08:00
2055-03-23 03:50:00,85.0,0.0,1796.75,2023-03-20 14:29:00
2055-03-23 04:10:00,85.0,0.0,1795.75,2023-03-20 14:49:00
2055-03-23 04:31:00,85.0,0.0,1796.75,2023-03-20 15:10:00
2055-03-23 04:52:00,85.0,0.0,1797.25,2023-03-20 15:31:00
2055-03-23 05:12:00,85.0,0.0,1796.5,2023-03-20 15:51:00
2055-03-23 05:33:00,85.0,0.0,1795.0,2023-03-20 16:12:00
2055-03-23 05:53:00,85.0,0.0,1794.75,2023-03-20 16:32:00
2055-03-23 06:14:00,85.0,0.0,1794.5,2023-03-20 16:53:00
2055-03-23 06:34:00,85.0,0.0,1795.0,2023-03-20 17:13:00
2055-03-23 06:55:00,85.0,0.0,1792.75,2023-03-20 17:34:00
2055-03-23 07:16:00,85.0,0.0,1791.5,2023-03-20 17:55:00
2055-03-23 07:36:00,85.0,0.0,1791.25,2023-03-20 18:15:00
2055-03-23 07:57:00,85.0,0.0,1790.5,2023-03-20 18:36:00
2055-03-23 08:17:00,85.0,0.0,1790.0,2023-03-20 18:56:00
2055-03-23 08:38:00,85.0,0.0,1788.0,2023-03-20 19:17:00
2055-03-23 08:58:00,85.0,0.0,1787.0,2023-03-20 19:37:00
2055-03-23 09:19:00,85.0,0.0,1787.25,2023-03-20 19:58:00
2055-03-23 09:39:00,85.0,0.0,1784.25,2023-03-20 20:18:00
2055-03-23 10:00:00,85.0,0.0,1783.0,2023-03-20 20:39:00
2055-03-23 10:20:00,85.0,0.0,1781.0,2023-03-20 20:59:00
2055-03-23 10:41:00,85.0,0.0,1774.25,2023-03-20 21:20:00
2055-03-23 11:01:00,85.0,0.0,1772.5,2023-03-20 21:40:00
2055-03-23 11:22:00,85.0,0.0,1771.25,2023-03-20 22:01:00
2055-03-23 11:43:00,85.0,0.0,1769.0,2023-03-20 22:22:00
2055-03-23 12:03:00,-1000.0,0.0,1767.5,2023-03-20 22:42:00
2055-03-23 12:24:00,85.0,0.0,1767.5,2023-03-20 23:03:00
2055-03-23 12:44:00,-1000.0,0.0,1767.5,2023-03-20 23:23:00
2055-03-23 13:05:00,85.0,0.0,1765.5,2023-03-20 23:44:00
2055-03-23 13:25:00,85.0,0.0,1765.0,2023-03-21 00:04:00
2055-03-23 13:46:00,85.0,0.0,1764.0,2023-03-21 00:25:00
2055-03-23 14:06:00,85.0,0.0,1763.5,2023-03-21 00:45:00
2055-03-23 14:27:00,85.0,0.0,1761.25,2023-03-21 01:06:00
2055-03-23 14:47:00,85.0,0.0,1760.75,2023-03-21 01:26:00
2055-03-23 15:08:00,85.0,0.0,1761.0,2023-03-21 01:47:00
2055-03-23 15:28:00,85.0,0.0,1762.5,2023-03-21 02:07:00
2055-03-23 15:49:00,85.0,0.0,1761.75,2023-03-21 02:28:00
2055-03-23 16:09:00,85.0,0.0,1761.5,2023-03-21 02:48:00
2055-03-23 16:30:00,85.0,0.0,1761.75,2023-03-21 03:09:00
2055-03-23 16:50:00,85.0,0.0,1759.5,2023-03-21 03:29:00
2055-03-23 17:11:00,85.0,0.0,1758.75,2023-03-21 03:50:00
2055-03-23 17:31:00,85.0,0.0,1758.0,2023-03-21 04:10:00
2055-03-23 17:52:00,-1000.0,0.0,1756.25,2023-03-21 04:31:00
2055-03-23 18:12:00,85.0,0.0,1755.25,2023-03-21 04:51:00
2055-03-23 18:33:00,85.0,0.0,1752.75,2023-03-21 05:12:00
2055-03-23 18:53:00,85.0,0.0,1752.5,2023-03-21 05:32:00
2055-03-23 19:14:00,85.0,0.0,1750.75,2023-03-21 05:53:00
2055-03-23 19:34:00,85.0,0.0,1750.75,2023-03-21 06:13:00
2055-03-23 19:55:00,85.0,0.0,1749.75,2023-03-21 06:34:00
2055-03-23 20:15:00,85.0,0.0,1750.5,2023-03-21 06:54:00
2055-03-23 20:36:00,85.0,0.0,1751.0,2023-03-21 07:15:00
2055-03-23 20:57:00,85.0,0.0,1750.75,2023-03-21 07:36:00
2055-03-23 21:17:00,85.0,0.0,1753.0,2023-03-21 07:56:00
2055-03-23 21:38:00,85.0,0.0,1753.75,2023-03-21 08:17:00
2055-03-23 21:58:00,85.0,0.0,1752.0,2023-03-21 08:37:00
2055-03-23 22:19:00,85.0,0.0,1754.75,2023-03-21 08:58:00
2055-03-23 22:39:00,85.0,0.0,1755.25,2023-03-21 09:18:00
2055-03-23 23:00:00,85.0,0.0,1757.0,2023-03-21 09:39:00
2055-03-23 23:20:00,85.0,0.0,1756.0,2023-03-21 09:59:00
2055-03-23 23:41:00,85.0,0.0,1759.25,2023-03-21 10:20:00
2055-03-24 00:02:00,85.0,0.0,1758.75,2023-03-21 10:41:00
2055-03-24 00:22:00,85.0,0.0,1757.75,2023-03-21 11:01:00
2055-03-24 00:43:00,85.0,0.0,1761.0,2023-03-21 11:22:00
2055-03-24 01:03:00,85.0,0.0,1760.25,2023-03-21 11:42:00
2055-03-24 01:24:00,85.0,0.0,1762.25,2023-03-21 12:03:00
2055-03-24 01:45:00,85.0,0.0,1765.0,2023-03-21 12:24:00
2055-03-24 02:05:00,85.0,0.0,1766.5,2023-03-21 12:44:00
2055-03-24 02:26:00,85.0,0.0,1770.25,2023-03-21 13:05:00
2055-03-24 02:46:00,85.0,0.0,1772.25,2023-03-21 13:25:00
2055-03-24 03:07:00,85.0,0.0,1763.0,2023-03-21 13:46:00
2055-03-24 03:28:00,85.0,0.0,1766.0,2023-03-21 14:07:00
2055-03-24 03:48:00,-1000.0,0.0,1770.5,2023-03-21 14:27:00
2055-03-24 04:09:00,85.0,0.0,1768.5,2023-03-21 14:48:00
2055-03-24 04:29:00,85.0,0.0,1767.75,2023-03-21 15:08:00
2055-03-24 04:50:00,85.0,0.0,1771.0,2023-03-21 15:29:00
2055-03-24 05:11:00,85.0,0.0,1767.75,2023-03-21 15:50:00
2055-03-24 05:31:00,85.0,0.0,1769.5,2023-03-21 16:10:00
2055-03-24 05:52:00,85.0,0.0,1770.75,2023-03-21 16:31:00
2055-03-24 06:12:00,85.0,0.0,1771.0,2023-03-21 16:51:00
2055-03-24 06:33:00,85.0,0.0,1774.5,2023-03-21 17:12:00
2055-03-24 06:54:00,85.0,0.0,1771.0,2023-03-21 17:33:00
2055-03-24 07:14:00,85.0,0.0,1772.0,2023-03-21 17:53:00
2055-03-24 07:35:00,85.0,0.0,1767.5,2023-03-21 18:14:00
2055-03-24 07:55:00,85.0,0.0,1764.0,2023-03-21 18:34:00
2055-03-24 08:16:00,85.0,0.0,1763.0,2023-03-21 18:55:00
2055-03-24 08:36:00,85.0,0.0,1762.25,2023-03-21 19:15:00
2055-03-24 08:57:00,85.0,0.0,1761.25,2023-03-21 19:36:00
2055-03-24 09:18:00,85.0,0.0,1761.5,2023-03-21 19:57:00
2055-03-24 09:38:00,85.0,0.0,1760.5,2023-03-21 20:17:00
2055-03-24 09:59:00,85.0,0.0,1760.25,2023-03-21 20:38:00
2055-03-24 10:19:00,85.0,0.0,1759.0,2023-03-21 20:58:00
2055-03-24 10:40:00,85.0,0.0,1759.0,2023-03-21 21:19:00
2055-03-24 11:00:00,85.0,0.0,1758.0,2023-03-21 21:39:00
2055-03-24 11:21:00,85.0,0.0,1757.25,2023-03-21 22:00:00
2055-03-24 11:41:00,85.0,0.0,1759.0,2023-03-21 22:20:00
2055-03-24 12:02:00,85.0,0.0,1758.25,2023-03-21 22:41:00
2055-03-24 12:23:00,85.0,0.0,1764.75,2023-03-21 23:02:00
2055-03-24 12:43:00,85.0,0.0,1763.25,2023-03-21 23:22:00
2055-03-24 13:04:00,85.0,0.0,1763.5,2023-03-21 23:43:00
2055-03-24 13:24:00,85.0,0.0,1762.0,2023-03-22 00:03:00
2055-03-24 13:45:00,85.0,0.0,1761.0,2023-03-22 00:24:00
2055-03-24 14:05:00,85.0,0.0,1762.0,2023-03-22 00:44:00
2055-03-24 14:26:00,85.0,0.0,1761.75,2023-03-22 01:05:00
2055-03-24 14:46:00,85.0,0.0,1760.75,2023-03-22 01:25:00
2055-03-24 15:07:00,85.0,0.0,1762.25,2023-03-22 01:46:00
2055-03-24 15:28:00,85.0,0.0,1761.0,2023-03-22 02:07:00
2055-03-24 15:48:00,85.0,0.0,1761.75,2023-03-22 02:27:00
2055-03-24 16:09:00,85.0,0.0,1762.75,2023-03-22 02:48:00
2055-03-24 16:29:00,85.0,0.0,1763.75,2023-03-22 03:08:00
2055-03-24 16:50:00,85.0,0.0,1763.5,2023-03-22 03:29:00
2055-03-24 17:10:00,85.0,0.0,1762.75,2023-03-22 03:49:00
2055-03-24 17:31:00,85.0,0.0,1762.5,2023-03-22 04:10:00
2055-03-24 17:51:00,85.0,0.0,1758.75,2023-03-22 04:30:00
2055-03-24 18:12:00,85.0,0.0,1764.0,2023-03-22 04:51:00
2055-03-24 18:32:00,85.0,0.0,1764.5,2023-03-22 05:11:00
2055-03-24 18:53:00,85.0,0.0,1763.5,2023-03-22 05:32:00
2055-03-24 19:14:00,85.0,0.0,1761.75,2023-03-22 05:53:00
2055-03-24 19:34:00,85.0,0.0,1764.25,2023-03-22 06:13:00
2055-03-24 19:55:00,85.0,0.0,1763.5,2023-03-22 06:34:00
2055-03-24 20:15:00,85.0,0.0,1762.5,2023-03-22 06:54:00
2055-03-24 20:36:00,85.0,0.0,1762.0,2023-03-22 07:15:00
2055-03-24 20:56:00,85.0,0.0,1761.25,2023-03-22 07:35:00
2055-03-24 21:17:00,85.0,0.0,1762.0,2023-03-22 07:56:00
2055-03-24 21:37:00,85.0,0.0,1764.5,2023-03-22 08:16:00
2055-03-24 21:58:00,85.0,0.0,1768.25,2023-03-22 08:37:00
2055-03-24 22:19:00,85.0,0.0,1769.25,2023-03-22 08:58:00
2055-03-24 22:39:00,85.0,0.0,1773.75,2023-03-22 09:18:00
2055-03-24 23:00:00,85.0,0.0,1775.75,2023-03-22 09:39:00
2055-03-24 23:20:00,85.0,0.0,1776.5,2023-03-22 09:59:00
2055-03-24 23:41:00,85.0,0.0,1779.25,2023-03-22 10:20:00
2055-03-25 00:02:00,85.0,0.0,1780.25,2023-03-22 10:41:00
2055-03-25 00:22:00,85.0,0.0,1783.0,2023-03-22 11:01:00
2055-03-25 00:43:00,85.0,0.0,1785.0,2023-03-22 11:22:00
2055-03-25 01:03:00,85.0,0.0,1788.25,2023-03-22 11:42:00
2055-03-25 01:24:00,85.0,0.0,1791.75,2023-03-22 12:03:00
2055-03-25 01:45:00,85.0,0.0,1792.25,2023-03-22 12:24:00
2055-03-25 02:05:00,85.0,0.0,1796.25,2023-03-22 12:44:00
2055-03-25 02:26:00,85.0,0.0,1799.25,2023-03-22 13:05:00
2055-03-25 02:47:00,85.0,0.0,1801.0,2023-03-22 13:26:00
2055-03-25 03:07:00,85.0,0.0,1803.75,2023-03-22 13:46:00
2055-03-25 03:28:00,85.0,0.0,1805.25,2023-03-22 14:07:00
2055-03-25 03:49:00,85.0,0.0,1807.75,2023-03-22 14:28:00
2055-03-25 04:09:00,85.0,0.0,1808.5,2023-03-22 14:48:00
2055-03-25 04:30:00,85.0,0.0,1811.75,2023-03-22 15:09:00
2055-03-25 04:51:00,85.0,0.0,1813.25,2023-03-22 15:30:00
2055-03-25 04:51:00,85.0,0.0,1735.5,2023-03-22 15:30:00
2055-03-25 05:12:00,85.0,0.0,1816.25,2023-03-22 15:51:00
2055-03-25 05:12:00,85.0,0.0,1736.5,2023-03-22 15:51:00
2055-03-25 05:33:00,85.0,0.0,1819.75,2023-03-22 16:12:00
2055-03-25 05:53:00,85.0,0.0,1816.0,2023-03-22 16:32:00
2055-03-25 06:14:00,85.0,0.0,1813.25,2023-03-22 16:53:00
2055-03-25 06:34:00,85.0,0.0,1811.5,2023-03-22 17:13:00
2055-03-25 06:55:00,85.0,0.0,1812.0,2023-03-22 17:34:00
2055-03-25 07:16:00,85.0,0.0,1809.25,2023-03-22 17:55:00
2055-03-25 07:36:00,85.0,0.0,1809.75,2023-03-22 18:15:00
2055-03-25 07:57:00,85.0,0.0,1807.75,2023-03-22 18:36:00
2055-03-25 08:17:00,85.0,0.0,1808.0,2023-03-22 18:56:00
2055-03-25 08:38:00,85.0,0.0,1806.25,2023-03-22 19:17:00
2055-03-25 08:58:00,85.0,0.0,1805.75,2023-03-22 19:37:00
2055-03-25 09:19:00,85.0,0.0,1805.25,2023-03-22 19:58:00
2055-03-25 09:40:00,85.0,0.0,1804.0,2023-03-22 20:19:00
2055-03-25 10:00:00,85.0,0.0,1803.75,2023-03-22 20:39:00
2055-03-25 10:21:00,85.0,0.0,1803.75,2023-03-22 21:00:00
2055-03-25 10:41:00,85.0,0.0,1803.25,2023-03-22 21:20:00
2055-03-25 11:02:00,85.0,0.0,1801.25,2023-03-22 21:41:00
2055-03-25 11:22:00,85.0,0.0,1800.0,2023-03-22 22:01:00
2055-03-25 11:43:00,85.0,0.0,1800.25,2023-03-22 22:22:00
2055-03-25 12:04:00,85.0,0.0,1798.75,2023-03-22 22:43:00
2055-03-25 12:24:00,85.0,0.0,1800.5,2023-03-22 23:03:00
2055-03-25 12:45:00,85.0,0.0,1800.5,2023-03-22 23:24:00
2055-03-25 13:05:00,85.0,0.0,1799.25,2023-03-22 23:44:00
2055-03-25 13:26:00,85.0,0.0,1798.5,2023-03-23 00:05:00
2055-03-25 13:46:00,85.0,0.0,1797.75,2023-03-23 00:25:00
2055-03-25 14:07:00,85.0,0.0,1797.75,2023-03-23 00:46:00
2055-03-25 14:27:00,85.0,0.0,1797.75,2023-03-23 01:06:00
2055-03-25 14:48:00,85.0,0.0,1797.0,2023-03-23 01:27:00
2055-03-25 15:09:00,85.0,0.0,1796.75,2023-03-23 01:48:00
2055-03-25 15:29:00,85.0,0.0,1797.0,2023-03-23 02:08:00
2055-03-25 15:50:00,85.0,0.0,1796.75,2023-03-23 02:29:00
2055-03-25 16:10:00,85.0,0.0,1797.25,2023-03-23 02:49:00
2055-03-25 16:31:00,85.0,0.0,1796.25,2023-03-23 03:10:00
2055-03-25 16:51:00,85.0,0.0,1790.5,2023-03-23 03:30:00
2055-03-25 17:12:00,85.0,0.0,1795.25,2023-03-23 03:51:00
2055-03-25 17:32:00,85.0,0.0,1794.5,2023-03-23 04:11:00
2055-03-25 17:53:00,85.0,0.0,1797.75,2023-03-23 04:32:00
2055-03-25 18:13:00,85.0,0.0,1797.5,2023-03-23 04:52:00
2055-03-25 18:34:00,85.0,0.0,1797.5,2023-03-23 05:13:00
2055-03-25 18:55:00,85.0,0.0,1798.75,2023-03-23 05:34:00
2055-03-25 19:15:00,85.0,0.0,1798.25,2023-03-23 05:54:00
2055-03-25 19:36:00,85.0,0.0,1798.75,2023-03-23 06:15:00
2055-03-25 19:56:00,85.0,0.0,1798.75,2023-03-23 06:35:00
2055-03-25 20:17:00,85.0,0.0,1799.0,2023-03-23 06:56:00
2055-03-25 20:37:00,85.0,0.0,1798.75,2023-03-23 07:16:00
2055-03-25 20:58:00,85.0,0.0,1800.25,2023-03-23 07:37:00
2055-03-25 21:18:00,85.0,0.0,1799.5,2023-03-23 07:57:00
2055-03-25 21:39:00,85.0,0.0,1798.0,2023-03-23 08:18:00
2055-03-25 22:00:00,85.0,0.0,1803.5,2023-03-23 08:39:00
2055-03-25 22:20:00,85.0,0.0,1805.0,2023-03-23 08:59:00
2055-03-25 22:41:00,85.0,0.0,1806.0,2023-03-23 09:20:00
2055-03-25 23:01:00,85.0,0.0,1806.0,2023-03-23 09:40:00
2055-03-25 23:22:00,85.0,0.0,1809.5,2023-03-23 10:01:00
2055-03-25 23:43:00,85.0,0.0,1811.25,2023-03-23 10:22:00
2055-03-26 00:03:00,85.0,0.0,1814.25,2023-03-23 10:42:00
2055-03-26 00:24:00,-1000.0,0.0,1817.0,2023-03-23 11:03:00
2055-03-26 00:44:00,85.0,0.0,1820.25,2023-03-23 11:23:00
2055-03-26 01:05:00,85.0,0.0,1821.25,2023-03-23 11:44:00
2055-03-26 01:26:00,85.0,0.0,1825.5,2023-03-23 12:05:00
2055-03-26 01:46:00,85.0,0.0,1827.5,2023-03-23 12:25:00
2055-03-26 02:07:00,85.0,0.0,1830.0,2023-03-23 12:46:00
2055-03-26 02:28:00,85.0,0.0,1832.0,2023-03-23 13:07:00
2055-03-26 02:48:00,85.0,0.0,1834.75,2023-03-23 13:27:00
2055-03-26 03:09:00,85.0,0.0,1836.75,2023-03-23 13:48:00
2055-03-26 03:09:00,85.0,0.0,1748.5,2023-03-23 13:48:00
2055-03-26 03:30:00,85.0,0.0,1846.0,2023-03-23 14:09:00
2055-03-26 03:30:00,85.0,0.0,1756.5,2023-03-23 14:09:00
2055-03-26 03:51:00,85.0,0.0,1851.0,2023-03-23 14:30:00
2055-03-26 04:12:00,85.0,0.0,1847.75,2023-03-23 14:51:00
2055-03-26 04:32:00,85.0,0.0,1849.5,2023-03-23 15:11:00
2055-03-26 04:53:00,85.0,0.0,1847.75,2023-03-23 15:32:00
2055-03-26 05:14:00,85.0,0.0,1847.5,2023-03-23 15:53:00
2055-03-26 05:34:00,85.0,0.0,1849.0,2023-03-23 16:13:00
2055-03-26 05:55:00,85.0,0.0,1841.5,2023-03-23 16:34:00
2055-03-26 06:15:00,85.0,0.0,1840.25,2023-03-23 16:54:00
2055-03-26 06:36:00,85.0,0.0,1840.75,2023-03-23 17:15:00
2055-03-26 06:57:00,85.0,0.0,1840.5,2023-03-23 17:36:00
2055-03-26 07:17:00,85.0,0.0,1839.75,2023-03-23 17:56:00
2055-03-26 07:38:00,85.0,0.0,1838.0,2023-03-23 18:17:00
2055-03-26 07:58:00,85.0,0.0,1840.75,2023-03-23 18:37:00
2055-03-26 08:19:00,85.0,0.0,1839.0,2023-03-23 18:58:00
2055-03-26 08:39:00,85.0,0.0,1838.75,2023-03-23 19:18:00
2055-03-26 09:00:00,85.0,0.0,1837.25,2023-03-23 19:39:00
2055-03-26 09:21:00,85.0,0.0,1838.25,2023-03-23 20:00:00
2055-03-26 09:41:00,85.0,0.0,1838.25,2023-03-23 20:20:00
2055-03-26 10:02:00,85.0,0.0,1836.75,2023-03-23 20:41:00
2055-03-26 10:22:00,85.0,0.0,1838.25,2023-03-23 21:01:00
2055-03-26 10:43:00,85.0,0.0,1838.0,2023-03-23 21:22:00
2055-03-26 11:03:00,85.0,0.0,1838.25,2023-03-23 21:42:00
2055-03-26 11:24:00,85.0,0.0,1836.75,2023-03-23 22:03:00
2055-03-26 11:44:00,85.0,0.0,1836.25,2023-03-23 22:23:00
2055-03-26 12:05:00,85.0,0.0,1835.5,2023-03-23 22:44:00
2055-03-26 12:26:00,85.0,0.0,1834.75,2023-03-23 23:05:00
2055-03-26 12:46:00,85.0,0.0,1829.75,2023-03-23 23:25:00
2055-03-26 13:07:00,-1000.0,0.0,1832.5,2023-03-23 23:46:00
2055-03-26 13:27:00,85.0,0.0,1834.25,2023-03-24 00:06:00
2055-03-26 13:48:00,85.0,0.0,1833.75,2023-03-24 00:27:00
2055-03-26 14:08:00,85.0,0.0,1831.5,2023-03-24 00:47:00
2055-03-26 14:29:00,85.0,0.0,1832.5,2023-03-24 01:08:00
2055-03-26 14:49:00,85.0,0.0,1831.25,2023-03-24 01:28:00
2055-03-26 15:10:00,85.0,0.0,1831.5,2023-03-24 01:49:00
2055-03-26 15:30:00,85.0,0.0,1830.5,2023-03-24 02:09:00
2055-03-26 15:51:00,85.0,0.0,1829.75,2023-03-24 02:30:00
2055-03-26 16:11:00,85.0,0.0,1828.25,2023-03-24 02:50:00
2055-03-26 16:32:00,85.0,0.0,1823.25,2023-03-24 03:11:00
2055-03-26 16:52:00,85.0,0.0,1826.25,2023-03-24 03:31:00
2055-03-26 17:13:00,85.0,0.0,1826.75,2023-03-24 03:52:00
2055-03-26 17:33:00,85.0,0.0,1825.5,2023-03-24 04:12:00
2055-03-26 17:54:00,85.0,0.0,1823.25,2023-03-24 04:33:00
2055-03-26 18:14:00,85.0,0.0,1827.25,2023-03-24 04:53:00
2055-03-26 18:35:00,85.0,0.0,1827.0,2023-03-24 05:14:00
2055-03-26 18:55:00,85.0,0.0,1825.0,2023-03-24 05:34:00
2055-03-26 19:16:00,85.0,0.0,1825.25,2023-03-24 05:55:00
2055-03-26 19:36:00,85.0,0.0,1822.5,2023-03-24 06:15:00
2055-03-26 19:57:00,85.0,0.0,1824.0,2023-03-24 06:36:00
2055-03-26 20:17:00,85.0,0.0,1820.25,2023-03-24 06:56:00
2055-03-26 20:38:00,85.0,0.0,1824.5,2023-03-24 07:17:00
2055-03-26 20:59:00,85.0,0.0,1827.0,2023-03-24 07:38:00
2055-03-26 21:19:00,85.0,0.0,1828.0,2023-03-24 07:58:00
2055-03-26 21:40:00,85.0,0.0,1827.5,2023-03-24 08:19:00
2055-03-26 22:00:00,85.0,0.0,1833.75,2023-03-24 08:39:00
2055-03-26 22:21:00,85.0,0.0,1833.0,2023-03-24 09:00:00
2055-03-26 22:41:00,85.0,0.0,1836.25,2023-03-24 09:20:00
2055-03-26 23:02:00,85.0,0.0,1837.0,2023-03-24 09:41:00
2055-03-26 23:22:00,85.0,0.0,1840.75,2023-03-24 10:01:00
2055-03-26 23:43:00,85.0,0.0,1841.25,2023-03-24 10:22:00
2055-03-27 00:04:00,85.0,0.0,1843.25,2023-03-24 10:43:00
2055-03-27 00:24:00,85.0,0.0,1843.0,2023-03-24 11:03:00
2055-03-27 00:45:00,85.0,0.0,1838.5,2023-03-24 11:24:00
2055-03-27 01:05:00,85.0,0.0,1841.5,2023-03-24 11:44:00
2055-03-27 01:26:00,85.0,0.0,1841.75,2023-03-24 12:05:00
2055-03-27 01:47:00,85.0,0.0,1842.75,2023-03-24 12:26:00
2055-03-27 02:07:00,85.0,0.0,1840.0,2023-03-24 12:46:00
2055-03-27 02:28:00,85.0,0.0,1845.25,2023-03-24 13:07:00
2055-03-27 02:48:00,85.0,0.0,1847.0,2023-03-24 13:27:00
2055-03-27 03:09:00,85.0,0.0,1848.5,2023-03-24 13:48:00
2055-03-27 03:30:00,85.0,0.0,1848.0,2023-03-24 14:09:00
2055-03-27 03:50:00,85.0,0.0,1850.5,2023-03-24 14:29:00
2055-03-27 04:11:00,85.0,0.0,1849.5,2023-03-24 14:50:00
2055-03-27 04:31:00,85.0,0.0,1852.0,2023-03-24 15:10:00
2055-03-27 04:52:00,85.0,0.0,1851.75,2023-03-24 15:31:00
2055-03-27 05:12:00,85.0,0.0,1855.5,2023-03-24 15:51:00
2055-03-27 05:33:00,85.0,0.0,1852.25,2023-03-24 16:12:00
2055-03-27 05:54:00,85.0,0.0,1852.0,2023-03-24 16:33:00
2055-03-27 06:14:00,85.0,0.0,1854.0,2023-03-24 16:53:00
2055-03-27 06:35:00,85.0,0.0,1853.0,2023-03-24 17:14:00
2055-03-27 06:55:00,85.0,0.0,1852.0,2023-03-24 17:34:00
2055-03-27 07:16:00,85.0,0.0,1852.75,2023-03-24 17:55:00
2055-03-27 07:36:00,85.0,0.0,1853.75,2023-03-24 18:15:00
2055-03-27 07:57:00,85.0,0.0,1852.75,2023-03-24 18:36:00
2055-03-27 08:18:00,85.0,0.0,1853.5,2023-03-24 18:57:00
2055-03-27 08:38:00,85.0,0.0,1852.5,2023-03-24 19:17:00
2055-03-27 08:59:00,85.0,0.0,1853.5,2023-03-24 19:38:00
2055-03-27 09:19:00,85.0,0.0,1854.25,2023-03-24 19:58:00
2055-03-27 09:40:00,85.0,0.0,1852.75,2023-03-24 20:19:00
2055-03-27 10:00:00,85.0,0.0,1853.25,2023-03-24 20:39:00
2055-03-27 10:21:00,85.0,0.0,1851.0,2023-03-24 21:00:00
2055-03-27 10:41:00,85.0,0.0,1852.25,2023-03-24 21:20:00
2055-03-27 11:02:00,85.0,0.0,1851.75,2023-03-24 21:41:00
2055-03-27 11:22:00,85.0,0.0,1852.75,2023-03-24 22:01:00
2055-03-27 11:43:00,85.0,0.0,1853.25,2023-03-24 22:22:00
2055-03-27 12:03:00,85.0,0.0,1850.75,2023-03-24 22:42:00
2055-03-27 12:24:00,85.0,0.0,1851.5,2023-03-24 23:03:00
2055-03-27 12:45:00,85.0,0.0,1851.75,2023-03-24 23:24:00
2055-03-27 13:05:00,85.0,0.0,1851.25,2023-03-24 23:44:00
2055-03-27 13:26:00,85.0,0.0,1850.5,2023-03-25 00:05:00
2055-03-27 13:46:00,85.0,0.0,1850.0,2023-03-25 00:25:00
2055-03-27 14:07:00,85.0,0.0,1849.75,2023-03-25 00:46:00
2055-03-27 14:27:00,85.0,0.0,1852.25,2023-03-25 01:06:00
2055-03-27 14:48:00,85.0,0.0,1850.25,2023-03-25 01:27:00
2055-03-27 15:08:00,85.0,0.0,1849.0,2023-03-25 01:47:00
2055-03-27 15:29:00,85.0,0.0,1851.0,2023-03-25 02:08:00
2055-03-27 15:49:00,85.0,0.0,1849.25,2023-03-25 02:28:00
2055-03-27 16:10:00,85.0,0.0,1849.0,2023-03-25 02:49:00
2055-03-27 16:30:00,85.0,0.0,1848.0,2023-03-25 03:09:00
2055-03-27 16:51:00,85.0,0.0,1851.75,2023-03-25 03:30:00
2055-03-27 17:11:00,85.0,0.0,1851.5,2023-03-25 03:50:00
2055-03-27 17:32:00,85.0,0.0,1851.25,2023-03-25 04:11:00
2055-03-27 17:52:00,85.0,0.0,1850.0,2023-03-25 04:31:00
2055-03-27 18:13:00,-1000.0,0.0,1848.5,2023-03-25 04:52:00
2055-03-27 18:33:00,85.0,0.0,1848.5,2023-03-25 05:12:00
2055-03-27 18:54:00,85.0,0.0,1850.25,2023-03-25 05:33:00
2055-03-27 19:14:00,85.0,0.0,1850.5,2023-03-25 05:53:00
2055-03-27 19:35:00,85.0,0.0,1848.5,2023-03-25 06:14:00
2055-03-27 19:55:00,85.0,0.0,1850.5,2023-03-25 06:34:00
2055-03-27 20:16:00,85.0,0.0,1851.5,2023-03-25 06:55:00
2055-03-27 20:36:00,85.0,0.0,1850.25,2023-03-25 07:15:00
2055-03-27 20:57:00,85.0,0.0,1850.5,2023-03-25 07:36:00
2055-03-27 21:17:00,85.0,0.0,1852.75,2023-03-25 07:56:00
2055-03-27 21:38:00,85.0,0.0,1855.5,2023-03-25 08:17:00
2055-03-27 21:58:00,85.0,0.0,1854.0,2023-03-25 08:37:00
2055-03-27 22:19:00,85.0,0.0,1858.75,2023-03-25 08:58:00
2055-03-27 22:39:00,85.0,0.0,1859.0,2023-03-25 09:18:00
2055-03-27 23:00:00,85.0,0.0,1859.75,2023-03-25 09:39:00
2055-03-27 23:20:00,85.0,0.0,1861.25,2023-03-25 09:59:00
2055-03-27 23:41:00,85.0,0.0,1861.75,2023-03-25 10:20:00
2055-03-28 00:02:00,85.0,0.0,1864.75,2023-03-25 10:41:00
2055-03-28 00:22:00,-1000.0,0.0,1866.0,2023-03-25 11:01:00
2055-03-28 00:43:00,85.0,0.0,1867.75,2023-03-25 11:22:00
2055-03-28 01:03:00,-1000.0,0.0,1869.5,2023-03-25 11:42:00
2055-03-28 01:24:00,85.0,0.0,1871.0,2023-03-25 12:03:00
2055-03-28 01:45:00,85.0,0.0,1873.25,2023-03-25 12:24:00
2055-03-28 02:05:00,85.0,0.0,1875.5,2023-03-25 12:44:00
2055-03-28 02:06:00,85.0,0.0,1770.5,2023-03-25 12:45:00
2055-03-28 02:26:00,85.0,0.0,1883.0,2023-03-25 13:05:00
2055-03-28 02:47:00,85.0,0.0,1882.0,2023-03-25 13:26:00
2055-03-28 03:07:00,85.0,0.0,1880.5,2023-03-25 13:46:00
2055-03-28 03:28:00,85.0,0.0,1876.0,2023-03-25 14:07:00
2055-03-28 03:48:00,85.0,0.0,1877.0,2023-03-25 14:27:00
2055-03-28 04:09:00,85.0,0.0,1876.75,2023-03-25 14:48:00
2055-03-28 04:29:00,85.0,0.0,1875.75,2023-03-25 15:08:00
2055-03-28 04:50:00,85.0,0.0,1876.75,2023-03-25 15:29:00
2055-03-28 05:10:00,85.0,0.0,1869.5,2023-03-25 15:49:00
2055-03-28 05:31:00,85.0,0.0,1871.75,2023-03-25 16:10:00
2055-03-28 05:52:00,85.0,0.0,1872.25,2023-03-25 16:31:00
2055-03-28 06:12:00,85.0,0.0,1872.25,2023-03-25 16:51:00
2055-03-28 06:33:00,85.0,0.0,1872.75,2023-03-25 17:12:00
2055-03-28 06:53:00,85.0,0.0,1869.0,2023-03-25 17:32:00
2055-03-28 07:14:00,-1000.0,0.0,1879.5,2023-03-25 17:53:00
2055-03-28 07:34:00,85.0,0.0,1885.0,2023-03-25 18:13:00
2055-03-28 07:55:00,85.0,0.0,1894.0,2023-03-25 18:34:00
2055-03-28 08:15:00,85.0,0.0,1897.0,2023-03-25 18:54:00
2055-03-28 08:35:00,85.0,0.0,1899.0,2023-03-25 19:14:00
2055-03-28 08:56:00,85.0,0.0,1898.0,2023-03-25 19:35:00
2055-03-28 09:16:00,85.0,0.0,1897.75,2023-03-25 19:55:00
2055-03-28 09:37:00,85.0,0.0,1897.0,2023-03-25 20:16:00
2055-03-28 09:57:00,85.0,0.0,1894.75,2023-03-25 20:36:00
2055-03-28 10:18:00,85.0,0.0,1890.0,2023-03-25 20:57:00
2055-03-28 10:38:00,85.0,0.0,1891.25,2023-03-25 21:17:00
2055-03-28 10:59:00,85.0,0.0,1892.5,2023-03-25 21:38:00
2055-03-28 11:19:00,85.0,0.0,1894.0,2023-03-25 21:58:00
2055-03-28 11:40:00,85.0,0.0,1894.0,2023-03-25 22:19:00
2055-03-28 12:00:00,85.0,0.0,1893.0,2023-03-25 22:39:00
2055-03-28 12:21:00,85.0,0.0,1892.25,2023-03-25 23:00:00
2055-03-28 12:41:00,85.0,0.0,1887.5,2023-03-25 23:20:00
2055-03-28 13:02:00,85.0,0.0,1889.25,2023-03-25 23:41:00
2055-03-28 13:22:00,85.0,0.0,1889.0,2023-03-26 00:01:00
2055-03-28 13:43:00,85.0,0.0,1888.0,2023-03-26 00:22:00
2055-03-28 14:03:00,85.0,0.0,1888.25,2023-03-26 00:42:00
2055-03-28 14:24:00,85.0,0.0,1889.0,2023-03-26 01:03:00
2055-03-28 14:44:00,85.0,0.0,1887.25,2023-03-26 01:23:00
2055-03-28 15:05:00,85.0,0.0,1883.0,2023-03-26 01:44:00
2055-03-28 15:25:00,85.0,0.0,1887.5,2023-03-26 02:04:00
2055-03-28 15:46:00,-1000.0,0.0,1887.75,2023-03-26 02:25:00
2055-03-28 16:06:00,85.0,0.0,1887.5,2023-03-26 02:45:00
2055-03-28 16:26:00,85.0,0.0,1886.75,2023-03-26 03:05:00
2055-03-28 16:47:00,85.0,0.0,1882.5,2023-03-26 03:26:00
2055-03-28 17:07:00,85.0,0.0,1886.0,2023-03-26 03:46:00
2055-03-28 17:28:00,85.0,0.0,1885.75,2023-03-26 04:07:00
